{"v":"5.1.1","fr":29.9700012207031,"ip":0,"op":140.000005702317,"w":700,"h":500,"nm":"Comp 1","ddd":0,"assets":[],"fonts":{"list":[{"fName":"Roboto-Regular","fFamily":"Roboto","fStyle":"Regular","ascent":75}]},"layers":[{"ddd":0,"ind":1,"ty":3,"nm":"▽ Group 2","sr":1,"ks":{"o":{"a":0,"k":100,"ix":11},"r":{"a":0,"k":0,"ix":10},"p":{"a":0,"k":[289,194,0],"ix":2},"a":{"a":0,"k":[0,0,0],"ix":1},"s":{"a":0,"k":[100,100,100],"ix":6}},"ao":0,"ip":0,"op":180.00000733155,"st":0,"bm":0},{"ddd":0,"ind":2,"ty":4,"nm":"Done","parent":1,"sr":1,"ks":{"o":{"a":0,"k":100,"ix":11},"r":{"a":0,"k":0,"ix":10},"p":{"a":0,"k":[-4,45,0],"ix":2},"a":{"a":0,"k":[8,4,0],"ix":1},"s":{"a":0,"k":[165.658,171.371,100],"ix":6}},"ao":0,"shapes":[{"ty":"gr","it":[{"ind":0,"ty":"sh","ix":1,"ks":{"a":0,"k":{"i":[[0,0],[0,0],[0,0]],"o":[[0,0],[0,0],[0,0]],"v":[[0,2.11],[2.87,8],[16,0]],"c":false},"ix":2},"nm":"Path 1","mn":"ADBE Vector Shape - Group","hd":false},{"ty":"tm","s":{"a":1,"k":[{"i":{"x":[0.667],"y":[1]},"o":{"x":[0.333],"y":[0]},"n":["0p667_1_0p333_0"],"t":31,"s":[0],"e":[100]},{"i":{"x":[0.833],"y":[1]},"o":{"x":[0.167],"y":[0]},"n":["0p833_1_0p167_0"],"t":47,"s":[100],"e":[100]},{"i":{"x":[0.833],"y":[1]},"o":{"x":[0.167],"y":[0]},"n":["0p833_1_0p167_0"],"t":103,"s":[100],"e":[0]},{"t":110.000004480392}],"ix":1},"e":{"a":1,"k":[{"i":{"x":[0.833],"y":[1]},"o":{"x":[0.167],"y":[0]},"n":["0p833_1_0p167_0"],"t":31,"s":[0],"e":[0]},{"t":103.000004195276}],"ix":2},"o":{"a":0,"k":0,"ix":3},"m":1,"ix":2,"nm":"Trim Paths 1","mn":"ADBE Vector Filter - Trim","hd":false},{"ty":"st","c":{"a":0,"k":[0,0.945098042488,0.733333349228,1],"ix":3},"o":{"a":0,"k":100,"ix":4},"w":{"a":0,"k":4,"ix":5},"lc":2,"lj":1,"ml":4,"nm":"Stroke 1","mn":"ADBE Vector Graphic - Stroke","hd":false},{"ty":"tr","p":{"a":0,"k":[0,0],"ix":2},"a":{"a":0,"k":[0,0],"ix":1},"s":{"a":0,"k":[100,100],"ix":3},"r":{"a":0,"k":0,"ix":6},"o":{"a":0,"k":100,"ix":7},"sk":{"a":0,"k":0,"ix":4},"sa":{"a":0,"k":0,"ix":5},"nm":"Transform"}],"nm":"Group 1","np":3,"cix":2,"ix":1,"mn":"ADBE Vector Group","hd":false}],"ip":0,"op":180.00000733155,"st":0,"bm":0},{"ddd":0,"ind":3,"ty":3,"nm":"▽ Explode","parent":1,"sr":1,"ks":{"o":{"a":0,"k":100,"ix":11},"r":{"a":0,"k":0,"ix":10},"p":{"a":0,"k":[0,0,0],"ix":2},"a":{"a":0,"k":[0,0,0],"ix":1},"s":{"a":0,"k":[100,100,100],"ix":6}},"ao":0,"ip":0,"op":180.00000733155,"st":0,"bm":0},{"ddd":0,"ind":4,"ty":4,"nm":"Combined Shape","parent":3,"sr":1,"ks":{"o":{"a":1,"k":[{"i":{"x":[0.667],"y":[1]},"o":{"x":[0.333],"y":[0]},"n":["0p667_1_0p333_0"],"t":33,"s":[0],"e":[100]},{"i":{"x":[0.667],"y":[1]},"o":{"x":[0.333],"y":[0]},"n":["0p667_1_0p333_0"],"t":44,"s":[100],"e":[100]},{"i":{"x":[0.667],"y":[1]},"o":{"x":[0.333],"y":[0]},"n":["0p667_1_0p333_0"],"t":49,"s":[100],"e":[0]},{"t":62.0000025253118}],"ix":11},"r":{"a":0,"k":0,"ix":10},"p":{"a":0,"k":[-4.5,45,0],"ix":2},"a":{"a":0,"k":[24,24,0],"ix":1},"s":{"a":1,"k":[{"i":{"x":[0.667,0.667,0.667],"y":[1,1,1]},"o":{"x":[0.333,0.333,0.333],"y":[0,0,0]},"n":["0p667_1_0p333_0","0p667_1_0p333_0","0p667_1_0p333_0"],"t":30,"s":[51,51,100],"e":[132.248,132.248,100]},{"i":{"x":[0.667,0.667,0.667],"y":[1,1,1]},"o":{"x":[0.333,0.333,0.333],"y":[0,0,0]},"n":["0p667_1_0p333_0","0p667_1_0p333_0","0p667_1_0p333_0"],"t":38,"s":[132.248,132.248,100],"e":[132.248,132.248,100]},{"i":{"x":[0.667,0.667,0.667],"y":[1,1,1]},"o":{"x":[0.333,0.333,0.333],"y":[0,0,0]},"n":["0p667_1_0p333_0","0p667_1_0p333_0","0p667_1_0p333_0"],"t":51,"s":[132.248,132.248,100],"e":[142,142,100]},{"t":59.0000024031193}],"ix":6}},"ao":0,"shapes":[{"ty":"gr","it":[{"ty":"gr","it":[{"ind":0,"ty":"sh","ix":1,"ks":{"a":0,"k":{"i":[[-0.76,0],[0,0.75],[0,0],[0.77,0],[0,-0.76],[0,0]],"o":[[0.76,0],[0,0],[0,-0.75],[-0.77,0],[0,0],[0,0.75]],"v":[[1.39,7.49],[2.78,6.13],[2.78,1.36],[1.39,0],[0,1.36],[0,6.13]],"c":true},"ix":2},"nm":"Path 1","mn":"ADBE Vector Shape - Group","hd":false},{"ty":"tr","p":{"a":0,"k":[22.64,0],"ix":2},"a":{"a":0,"k":[0,0],"ix":1},"s":{"a":0,"k":[100,100],"ix":3},"r":{"a":0,"k":0,"ix":6},"o":{"a":0,"k":100,"ix":7},"sk":{"a":0,"k":0,"ix":4},"sa":{"a":0,"k":0,"ix":5},"nm":"Transform"}],"nm":"XMLID_49_-path","np":1,"cix":2,"ix":1,"mn":"ADBE Vector Group","hd":false},{"ty":"gr","it":[{"ind":0,"ty":"sh","ix":1,"ks":{"a":0,"k":{"i":[[-0.76,0],[0,0.75],[0,0],[0.77,0],[0,-0.76],[0,0]],"o":[[0.76,0],[0,0],[0,-0.75],[-0.77,0],[0,0],[0,0.75]],"v":[[1.39,7.49],[2.78,6.13],[2.78,1.36],[1.39,0],[0,1.36],[0,6.13]],"c":true},"ix":2},"nm":"Path 1","mn":"ADBE Vector Shape - Group","hd":false},{"ty":"tr","p":{"a":0,"k":[22.64,40.51],"ix":2},"a":{"a":0,"k":[0,0],"ix":1},"s":{"a":0,"k":[100,100],"ix":3},"r":{"a":0,"k":0,"ix":6},"o":{"a":0,"k":100,"ix":7},"sk":{"a":0,"k":0,"ix":4},"sa":{"a":0,"k":0,"ix":5},"nm":"Transform"}],"nm":"XMLID_49_-path Copy","np":1,"cix":2,"ix":2,"mn":"ADBE Vector Group","hd":false},{"ty":"mm","mm":1,"nm":"Merge Paths 1","mn":"ADBE Vector Filter - Merge","hd":false},{"ty":"gr","it":[{"ind":0,"ty":"sh","ix":1,"ks":{"a":0,"k":{"i":[[0,0.76],[0.77,0],[0,0],[0,-0.76],[-0.77,0],[0,0]],"o":[[0,-0.75],[0,0],[-0.76,0],[0,0.75],[0,0],[0.77,0]],"v":[[7.65,1.36],[6.26,0],[1.39,0],[0,1.36],[1.39,2.72],[6.26,2.72]],"c":true},"ix":2},"nm":"Path 1","mn":"ADBE Vector Shape - Group","hd":false},{"ty":"tr","p":{"a":0,"k":[0,22.14],"ix":2},"a":{"a":0,"k":[0,0],"ix":1},"s":{"a":0,"k":[100,100],"ix":3},"r":{"a":0,"k":0,"ix":6},"o":{"a":0,"k":100,"ix":7},"sk":{"a":0,"k":0,"ix":4},"sa":{"a":0,"k":0,"ix":5},"nm":"Transform"}],"nm":"XMLID_49_-path","np":1,"cix":2,"ix":4,"mn":"ADBE Vector Group","hd":false},{"ty":"mm","mm":1,"nm":"Merge Paths 2","mn":"ADBE Vector Filter - Merge","hd":false},{"ty":"gr","it":[{"ind":0,"ty":"sh","ix":1,"ks":{"a":0,"k":{"i":[[0.77,0],[0,0],[0,-0.76],[-0.77,0],[0,0],[0,0.76]],"o":[[0,0],[-0.76,0],[0,0.75],[0,0],[0.76,0],[0,-0.75]],"v":[[6.26,0],[1.39,0],[0,1.36],[1.39,2.72],[6.26,2.72],[7.65,1.36]],"c":true},"ix":2},"nm":"Path 1","mn":"ADBE Vector Shape - Group","hd":false},{"ty":"tr","p":{"a":0,"k":[40.35,22.14],"ix":2},"a":{"a":0,"k":[0,0],"ix":1},"s":{"a":0,"k":[100,100],"ix":3},"r":{"a":0,"k":0,"ix":6},"o":{"a":0,"k":100,"ix":7},"sk":{"a":0,"k":0,"ix":4},"sa":{"a":0,"k":0,"ix":5},"nm":"Transform"}],"nm":"XMLID_49_-path","np":1,"cix":2,"ix":6,"mn":"ADBE Vector Group","hd":false},{"ty":"mm","mm":1,"nm":"Merge Paths 3","mn":"ADBE Vector Filter - Merge","hd":false},{"ty":"gr","it":[{"ind":0,"ty":"sh","ix":1,"ks":{"a":0,"k":{"i":[[0.53,-0.53],[0,0],[-0.55,-0.53],[-0.35,0],[-0.26,0.26],[0,0],[0.55,0.53]],"o":[[0,0],[-0.55,0.53],[0.27,0.26],[0.35,0],[0,0],[0.55,-0.54],[-0.53,-0.53]],"v":[[3.86,0.4],[0.41,3.78],[0.41,5.7],[1.39,6.09],[2.36,5.7],[5.81,2.33],[5.81,0.4]],"c":true},"ix":2},"nm":"Path 1","mn":"ADBE Vector Shape - Group","hd":false},{"ty":"tr","p":{"a":0,"k":[6.62,34.43],"ix":2},"a":{"a":0,"k":[0,0],"ix":1},"s":{"a":0,"k":[100,100],"ix":3},"r":{"a":0,"k":0,"ix":6},"o":{"a":0,"k":100,"ix":7},"sk":{"a":0,"k":0,"ix":4},"sa":{"a":0,"k":0,"ix":5},"nm":"Transform"}],"nm":"XMLID_49_-path","np":1,"cix":2,"ix":8,"mn":"ADBE Vector Group","hd":false},{"ty":"mm","mm":1,"nm":"Merge Paths 4","mn":"ADBE Vector Filter - Merge","hd":false},{"ty":"gr","it":[{"ind":0,"ty":"sh","ix":1,"ks":{"a":0,"k":{"i":[[-0.36,0],[-0.26,0.26],[0,0],[0.55,0.53],[0.54,-0.53],[0,0],[-0.55,-0.53]],"o":[[0.35,0],[0,0],[0.55,-0.54],[-0.54,-0.53],[0,0],[-0.55,0.53],[0.28,0.26]],"v":[[1.4,6.09],[2.37,5.7],[5.82,2.33],[5.82,0.4],[3.86,0.4],[0.41,3.78],[0.41,5.7]],"c":true},"ix":2},"nm":"Path 1","mn":"ADBE Vector Shape - Group","hd":false},{"ty":"tr","p":{"a":0,"k":[35.15,6.48],"ix":2},"a":{"a":0,"k":[0,0],"ix":1},"s":{"a":0,"k":[100,100],"ix":3},"r":{"a":0,"k":0,"ix":6},"o":{"a":0,"k":100,"ix":7},"sk":{"a":0,"k":0,"ix":4},"sa":{"a":0,"k":0,"ix":5},"nm":"Transform"}],"nm":"XMLID_49_-path","np":1,"cix":2,"ix":10,"mn":"ADBE Vector Group","hd":false},{"ty":"mm","mm":1,"nm":"Merge Paths 5","mn":"ADBE Vector Filter - Merge","hd":false},{"ty":"gr","it":[{"ind":0,"ty":"sh","ix":1,"ks":{"a":0,"k":{"i":[[0,0],[-0.35,0],[-0.27,0.26],[0.55,0.53],[0,0],[0.54,-0.53],[-0.55,-0.54]],"o":[[0.26,0.26],[0.35,0],[0.55,-0.53],[0,0],[-0.54,-0.53],[-0.55,0.53],[0,0]],"v":[[3.87,5.7],[4.84,6.09],[5.82,5.7],[5.82,3.78],[2.37,0.4],[0.41,0.4],[0.41,2.33]],"c":true},"ix":2},"nm":"Path 1","mn":"ADBE Vector Shape - Group","hd":false},{"ty":"tr","p":{"a":0,"k":[6.61,6.47],"ix":2},"a":{"a":0,"k":[0,0],"ix":1},"s":{"a":0,"k":[100,100],"ix":3},"r":{"a":0,"k":0,"ix":6},"o":{"a":0,"k":100,"ix":7},"sk":{"a":0,"k":0,"ix":4},"sa":{"a":0,"k":0,"ix":5},"nm":"Transform"}],"nm":"XMLID_49_-path","np":1,"cix":2,"ix":12,"mn":"ADBE Vector Group","hd":false},{"ty":"mm","mm":1,"nm":"Merge Paths 6","mn":"ADBE Vector Filter - Merge","hd":false},{"ty":"gr","it":[{"ind":0,"ty":"sh","ix":1,"ks":{"a":0,"k":{"i":[[0,0],[0.54,-0.53],[-0.55,-0.54],[0,0],[-0.35,0],[-0.27,0.26],[0.55,0.53]],"o":[[-0.54,-0.53],[-0.55,0.53],[0,0],[0.26,0.26],[0.35,0],[0.55,-0.53],[0,0]],"v":[[2.37,0.4],[0.41,0.4],[0.41,2.33],[3.86,5.7],[4.83,6.09],[5.81,5.7],[5.81,3.78]],"c":true},"ix":2},"nm":"Path 1","mn":"ADBE Vector Shape - Group","hd":false},{"ty":"tr","p":{"a":0,"k":[35.15,34.43],"ix":2},"a":{"a":0,"k":[0,0],"ix":1},"s":{"a":0,"k":[100,100],"ix":3},"r":{"a":0,"k":0,"ix":6},"o":{"a":0,"k":100,"ix":7},"sk":{"a":0,"k":0,"ix":4},"sa":{"a":0,"k":0,"ix":5},"nm":"Transform"}],"nm":"XMLID_49_-path","np":1,"cix":2,"ix":14,"mn":"ADBE Vector Group","hd":false},{"ty":"mm","mm":1,"nm":"Merge Paths 7","mn":"ADBE Vector Filter - Merge","hd":false},{"ty":"gr","it":[{"ind":0,"ty":"sh","ix":1,"ks":{"a":0,"k":{"i":[[-0.76,0],[0,0.75],[0,0],[0.77,0],[0,-0.76],[0,0]],"o":[[0.76,0],[0,0],[0,-0.75],[-0.77,0],[0,0],[0,0.75]],"v":[[1.39,7.49],[2.78,6.13],[2.78,1.36],[1.39,0],[0,1.36],[0,6.13]],"c":true},"ix":2},"nm":"Path 1","mn":"ADBE Vector Shape - Group","hd":false},{"ty":"tr","p":{"a":0,"k":[14.89,1.46],"ix":2},"a":{"a":0,"k":[0,0],"ix":1},"s":{"a":0,"k":[100,100],"ix":3},"r":{"a":0,"k":-22,"ix":6},"o":{"a":0,"k":100,"ix":7},"sk":{"a":0,"k":0,"ix":4},"sa":{"a":0,"k":0,"ix":5},"nm":"Transform"}],"nm":"XMLID_49_-path","np":1,"cix":2,"ix":16,"mn":"ADBE Vector Group","hd":false},{"ty":"mm","mm":2,"nm":"Merge Paths 8","mn":"ADBE Vector Filter - Merge","hd":false},{"ty":"gr","it":[{"ind":0,"ty":"sh","ix":1,"ks":{"a":0,"k":{"i":[[-0.76,0],[0,0.75],[0,0],[0.77,0],[0,-0.76],[0,0]],"o":[[0.76,0],[0,0],[0,-0.75],[-0.77,0],[0,0],[0,0.75]],"v":[[1.39,7.49],[2.78,6.13],[2.78,1.36],[1.39,0],[0,1.36],[0,6.13]],"c":true},"ix":2},"nm":"Path 1","mn":"ADBE Vector Shape - Group","hd":false},{"ty":"tr","p":{"a":0,"k":[30.39,39.03],"ix":2},"a":{"a":0,"k":[0,0],"ix":1},"s":{"a":0,"k":[100,100],"ix":3},"r":{"a":0,"k":-22,"ix":6},"o":{"a":0,"k":100,"ix":7},"sk":{"a":0,"k":0,"ix":4},"sa":{"a":0,"k":0,"ix":5},"nm":"Transform"}],"nm":"XMLID_49_-path Copy","np":1,"cix":2,"ix":18,"mn":"ADBE Vector Group","hd":false},{"ty":"mm","mm":2,"nm":"Merge Paths 9","mn":"ADBE Vector Filter - Merge","hd":false},{"ty":"gr","it":[{"ind":0,"ty":"sh","ix":1,"ks":{"a":0,"k":{"i":[[0,0.76],[0.77,0],[0,0],[0,-0.76],[-0.77,0],[0,0]],"o":[[0,-0.75],[0,0],[-0.76,0],[0,0.75],[0,0],[0.77,0]],"v":[[7.65,1.36],[6.26,0],[1.39,0],[0,1.36],[1.39,2.72],[6.26,2.72]],"c":true},"ix":2},"nm":"Path 1","mn":"ADBE Vector Shape - Group","hd":false},{"ty":"tr","p":{"a":0,"k":[1.28,29.58],"ix":2},"a":{"a":0,"k":[0,0],"ix":1},"s":{"a":0,"k":[100,100],"ix":3},"r":{"a":0,"k":-22,"ix":6},"o":{"a":0,"k":100,"ix":7},"sk":{"a":0,"k":0,"ix":4},"sa":{"a":0,"k":0,"ix":5},"nm":"Transform"}],"nm":"XMLID_49_-path","np":1,"cix":2,"ix":20,"mn":"ADBE Vector Group","hd":false},{"ty":"mm","mm":2,"nm":"Merge Paths 10","mn":"ADBE Vector Filter - Merge","hd":false},{"ty":"gr","it":[{"ind":0,"ty":"sh","ix":1,"ks":{"a":0,"k":{"i":[[0.77,0],[0,0],[0,-0.76],[-0.77,0],[0,0],[0,0.76]],"o":[[0,0],[-0.76,0],[0,0.75],[0,0],[0.76,0],[0,-0.75]],"v":[[6.26,0],[1.39,0],[0,1.36],[1.39,2.72],[6.26,2.72],[7.65,1.36]],"c":true},"ix":2},"nm":"Path 1","mn":"ADBE Vector Shape - Group","hd":false},{"ty":"tr","p":{"a":0,"k":[38.69,14.78],"ix":2},"a":{"a":0,"k":[0,0],"ix":1},"s":{"a":0,"k":[100,100],"ix":3},"r":{"a":0,"k":-22,"ix":6},"o":{"a":0,"k":100,"ix":7},"sk":{"a":0,"k":0,"ix":4},"sa":{"a":0,"k":0,"ix":5},"nm":"Transform"}],"nm":"XMLID_49_-path","np":1,"cix":2,"ix":22,"mn":"ADBE Vector Group","hd":false},{"ty":"mm","mm":2,"nm":"Merge Paths 11","mn":"ADBE Vector Filter - Merge","hd":false},{"ty":"gr","it":[{"ind":0,"ty":"sh","ix":1,"ks":{"a":0,"k":{"i":[[0.53,-0.53],[0,0],[-0.55,-0.53],[-0.35,0],[-0.26,0.26],[0,0],[0.55,0.53]],"o":[[0,0],[-0.55,0.53],[0.27,0.26],[0.35,0],[0,0],[0.55,-0.54],[-0.53,-0.53]],"v":[[3.86,0.4],[0.41,3.78],[0.41,5.7],[1.39,6.09],[2.36,5.7],[5.81,2.33],[5.81,0.4]],"c":true},"ix":2},"nm":"Path 1","mn":"ADBE Vector Shape - Group","hd":false},{"ty":"tr","p":{"a":0,"k":[12.81,38.68],"ix":2},"a":{"a":0,"k":[0,0],"ix":1},"s":{"a":0,"k":[100,100],"ix":3},"r":{"a":0,"k":-22,"ix":6},"o":{"a":0,"k":100,"ix":7},"sk":{"a":0,"k":0,"ix":4},"sa":{"a":0,"k":0,"ix":5},"nm":"Transform"}],"nm":"XMLID_49_-path","np":1,"cix":2,"ix":24,"mn":"ADBE Vector Group","hd":false},{"ty":"mm","mm":2,"nm":"Merge Paths 12","mn":"ADBE Vector Filter - Merge","hd":false},{"ty":"gr","it":[{"ind":0,"ty":"sh","ix":1,"ks":{"a":0,"k":{"i":[[-0.36,0],[-0.26,0.26],[0,0],[0.55,0.53],[0.54,-0.53],[0,0],[-0.55,-0.53]],"o":[[0.35,0],[0,0],[0.55,-0.54],[-0.54,-0.53],[0,0],[-0.55,0.53],[0.28,0.26]],"v":[[1.4,6.09],[2.37,5.7],[5.82,2.33],[5.82,0.4],[3.86,0.4],[0.41,3.78],[0.41,5.7]],"c":true},"ix":2},"nm":"Path 1","mn":"ADBE Vector Shape - Group","hd":false},{"ty":"tr","p":{"a":0,"k":[28.57,2.3],"ix":2},"a":{"a":0,"k":[0,0],"ix":1},"s":{"a":0,"k":[100,100],"ix":3},"r":{"a":0,"k":-22,"ix":6},"o":{"a":0,"k":100,"ix":7},"sk":{"a":0,"k":0,"ix":4},"sa":{"a":0,"k":0,"ix":5},"nm":"Transform"}],"nm":"XMLID_49_-path","np":1,"cix":2,"ix":26,"mn":"ADBE Vector Group","hd":false},{"ty":"mm","mm":2,"nm":"Merge Paths 13","mn":"ADBE Vector Filter - Merge","hd":false},{"ty":"gr","it":[{"ind":0,"ty":"sh","ix":1,"ks":{"a":0,"k":{"i":[[0,0],[-0.35,0],[-0.27,0.26],[0.55,0.53],[0,0],[0.54,-0.53],[-0.55,-0.54]],"o":[[0.26,0.26],[0.35,0],[0.55,-0.53],[0,0],[-0.54,-0.53],[-0.55,0.53],[0,0]],"v":[[3.87,5.7],[4.84,6.09],[5.82,5.7],[5.82,3.78],[2.37,0.4],[0.41,0.4],[0.41,2.33]],"c":true},"ix":2},"nm":"Path 1","mn":"ADBE Vector Shape - Group","hd":false},{"ty":"tr","p":{"a":0,"k":[2.11,12.76],"ix":2},"a":{"a":0,"k":[0,0],"ix":1},"s":{"a":0,"k":[100,100],"ix":3},"r":{"a":0,"k":-22,"ix":6},"o":{"a":0,"k":100,"ix":7},"sk":{"a":0,"k":0,"ix":4},"sa":{"a":0,"k":0,"ix":5},"nm":"Transform"}],"nm":"XMLID_49_-path","np":1,"cix":2,"ix":28,"mn":"ADBE Vector Group","hd":false},{"ty":"mm","mm":2,"nm":"Merge Paths 14","mn":"ADBE Vector Filter - Merge","hd":false},{"ty":"gr","it":[{"ind":0,"ty":"sh","ix":1,"ks":{"a":0,"k":{"i":[[0,0],[0.54,-0.53],[-0.55,-0.54],[0,0],[-0.35,0],[-0.27,0.26],[0.55,0.53]],"o":[[-0.54,-0.53],[-0.55,0.53],[0,0],[0.26,0.26],[0.35,0],[0.55,-0.53],[0,0]],"v":[[2.37,0.4],[0.41,0.4],[0.41,2.33],[3.86,5.7],[4.83,6.09],[5.81,5.7],[5.81,3.78]],"c":true},"ix":2},"nm":"Path 1","mn":"ADBE Vector Shape - Group","hd":false},{"ty":"tr","p":{"a":0,"k":[39.27,28.22],"ix":2},"a":{"a":0,"k":[0,0],"ix":1},"s":{"a":0,"k":[100,100],"ix":3},"r":{"a":0,"k":-22,"ix":6},"o":{"a":0,"k":100,"ix":7},"sk":{"a":0,"k":0,"ix":4},"sa":{"a":0,"k":0,"ix":5},"nm":"Transform"}],"nm":"XMLID_49_-path","np":1,"cix":2,"ix":30,"mn":"ADBE Vector Group","hd":false},{"ty":"mm","mm":2,"nm":"Merge Paths 15","mn":"ADBE Vector Filter - Merge","hd":false},{"ty":"fl","c":{"a":0,"k":[0,0.627451002598,1,1],"ix":4},"o":{"a":0,"k":100,"ix":5},"r":1,"nm":"Fill 1","mn":"ADBE Vector Graphic - Fill","hd":false},{"ty":"tr","p":{"a":0,"k":[0,0],"ix":2},"a":{"a":0,"k":[0,0],"ix":1},"s":{"a":0,"k":[100,100],"ix":3},"r":{"a":0,"k":0,"ix":6},"o":{"a":0,"k":100,"ix":7},"sk":{"a":0,"k":0,"ix":4},"sa":{"a":0,"k":0,"ix":5},"nm":"Transform"}],"nm":"Combined Shape","np":32,"cix":2,"ix":1,"mn":"ADBE Vector Group","hd":false},{"ty":"tm","s":{"a":1,"k":[{"i":{"x":[0.667],"y":[1]},"o":{"x":[0.333],"y":[0]},"n":["0p667_1_0p333_0"],"t":26,"s":[100],"e":[0]},{"t":42.0000017106951}],"ix":1},"e":{"a":0,"k":100,"ix":2},"o":{"a":0,"k":34327,"ix":3},"m":1,"ix":2,"nm":"Trim Paths 1","mn":"ADBE Vector Filter - Trim","hd":false}],"ip":15.0000006109625,"op":195.000007942513,"st":15.0000006109625,"bm":0},{"ddd":0,"ind":5,"ty":4,"nm":"Done Line","parent":1,"sr":1,"ks":{"o":{"a":0,"k":100,"ix":11},"r":{"a":0,"k":0,"ix":10},"p":{"a":0,"k":[109.515,45.5,0],"ix":2},"a":{"a":0,"k":[39.515,1.5,0],"ix":1},"s":{"a":0,"k":[165.658,171.371,100],"ix":6}},"ao":0,"shapes":[{"ty":"gr","it":[{"ind":0,"ty":"sh","ix":1,"ks":{"a":0,"k":{"i":[[0,0],[0,0]],"o":[[0,0],[0,0]],"v":[[0.58,1.5],[78.45,1.5]],"c":false},"ix":2},"nm":"Path 1","mn":"ADBE Vector Shape - Group","hd":false},{"ty":"st","c":{"a":0,"k":[0,0.946292877197,0.735029578209,1],"ix":3},"o":{"a":0,"k":100,"ix":4},"w":{"a":0,"k":5,"ix":5},"lc":2,"lj":1,"ml":4,"nm":"Stroke 1","mn":"ADBE Vector Graphic - Stroke","hd":false},{"ty":"tr","p":{"a":0,"k":[0,0],"ix":2},"a":{"a":0,"k":[0,0],"ix":1},"s":{"a":0,"k":[100,100],"ix":3},"r":{"a":0,"k":0,"ix":6},"o":{"a":0,"k":100,"ix":7},"sk":{"a":0,"k":0,"ix":4},"sa":{"a":0,"k":0,"ix":5},"nm":"Transform"}],"nm":"Group 1","np":2,"cix":2,"ix":1,"mn":"ADBE Vector Group","hd":false},{"ty":"tm","s":{"a":0,"k":0,"ix":1},"e":{"a":1,"k":[{"i":{"x":[0.667],"y":[1]},"o":{"x":[0.333],"y":[0]},"n":["0p667_1_0p333_0"],"t":20,"s":[0],"e":[100]},{"i":{"x":[0.833],"y":[1]},"o":{"x":[0.333],"y":[0]},"n":["0p833_1_0p333_0"],"t":36,"s":[100],"e":[100]},{"i":{"x":[0.833],"y":[1]},"o":{"x":[0.167],"y":[0]},"n":["0p833_1_0p167_0"],"t":91,"s":[100],"e":[0]},{"t":110.000004480392}],"ix":2},"o":{"a":0,"k":0,"ix":3},"m":1,"ix":2,"nm":"Trim Paths 1","mn":"ADBE Vector Filter - Trim","hd":false}],"ip":15.0000006109625,"op":180.00000733155,"st":0,"bm":0},{"ddd":0,"ind":6,"ty":4,"nm":"Moving Rectangle","parent":1,"sr":1,"ks":{"o":{"a":1,"k":[{"i":{"x":[0.667],"y":[1]},"o":{"x":[0.333],"y":[0]},"n":["0p667_1_0p333_0"],"t":14,"s":[0],"e":[100]},{"i":{"x":[0.814],"y":[7.359]},"o":{"x":[0.328],"y":[0]},"n":["0p814_7p359_0p328_0"],"t":16,"s":[100],"e":[100]},{"i":{"x":[0.688],"y":[1]},"o":{"x":[0.354],"y":[0.015]},"n":["0p688_1_0p354_0p015"],"t":124,"s":[100],"e":[0]},{"t":137.000005580124}],"ix":11},"r":{"a":0,"k":0,"ix":10},"p":{"a":0,"k":[36.22,45.025,0],"ix":2},"a":{"a":0,"k":[34.96,14.025,0],"ix":1},"s":{"a":0,"k":[183.852,180.283,100],"ix":6}},"ao":0,"shapes":[{"ty":"gr","it":[{"ind":0,"ty":"sh","ix":1,"ks":{"a":0,"k":{"i":[[0,0],[0,0],[0,0],[0,0],[0,0],[0,0],[0,0]],"o":[[0,0],[0,0],[0,0],[0,0],[0,0],[0,0],[0,0]],"v":[[27.27,17.75],[27.27,0],[-0.07,0],[0.5,28.05],[27.84,27.48],[36.38,14.03],[69.99,14.31]],"c":false},"ix":2},"nm":"Path 1","mn":"ADBE Vector Shape - Group","hd":false},{"ty":"st","c":{"a":0,"k":[0,0.945098042488,0.733333349228,1],"ix":3},"o":{"a":0,"k":100,"ix":4},"w":{"a":0,"k":5,"ix":5},"lc":2,"lj":3,"nm":"Stroke 1","mn":"ADBE Vector Graphic - Stroke","hd":false},{"ty":"tr","p":{"a":0,"k":[0,0],"ix":2},"a":{"a":0,"k":[0,0],"ix":1},"s":{"a":0,"k":[100,100],"ix":3},"r":{"a":0,"k":0,"ix":6},"o":{"a":0,"k":100,"ix":7},"sk":{"a":0,"k":0,"ix":4},"sa":{"a":0,"k":0,"ix":5},"nm":"Transform"}],"nm":"Group 1","np":2,"cix":2,"ix":1,"mn":"ADBE Vector Group","hd":false},{"ty":"tm","s":{"a":1,"k":[{"i":{"x":[0.667],"y":[1]},"o":{"x":[0.333],"y":[0]},"n":["0p667_1_0p333_0"],"t":16,"s":[0],"e":[100]},{"i":{"x":[0.833],"y":[1]},"o":{"x":[0.333],"y":[0]},"n":["0p833_1_0p333_0"],"t":51,"s":[100],"e":[100]},{"i":{"x":[0.833],"y":[1]},"o":{"x":[0.167],"y":[0]},"n":["0p833_1_0p167_0"],"t":93,"s":[100],"e":[10.4]},{"i":{"x":[0.833],"y":[1]},"o":{"x":[0.167],"y":[0]},"n":["0p833_1_0p167_0"],"t":112,"s":[10.4],"e":[0]},{"t":126.000005132085}],"ix":1},"e":{"a":1,"k":[{"i":{"x":[0.667],"y":[1]},"o":{"x":[0.333],"y":[0]},"n":["0p667_1_0p333_0"],"t":16,"s":[68],"e":[89]},{"i":{"x":[0.833],"y":[1]},"o":{"x":[0.333],"y":[0]},"n":["0p833_1_0p333_0"],"t":23,"s":[89],"e":[89]},{"i":{"x":[0.843],"y":[1]},"o":{"x":[0.201],"y":[0]},"n":["0p843_1_0p201_0"],"t":112,"s":[89],"e":[68]},{"t":126.000005132085}],"ix":2},"o":{"a":0,"k":0,"ix":3},"m":1,"ix":2,"nm":"Trim Paths 1","mn":"ADBE Vector Filter - Trim","hd":false}],"ip":0,"op":180.00000733155,"st":0,"bm":0},{"ddd":0,"ind":7,"ty":4,"nm":"Rectangle","parent":1,"sr":1,"ks":{"o":{"a":1,"k":[{"i":{"x":[0.833],"y":[0.833]},"o":{"x":[0.167],"y":[0.167]},"n":["0p833_0p833_0p167_0p167"],"t":15,"s":[100],"e":[0]},{"i":{"x":[0.667],"y":[1]},"o":{"x":[0.167],"y":[0]},"n":["0p667_1_0p167_0"],"t":16,"s":[0],"e":[0]},{"i":{"x":[0.667],"y":[1]},"o":{"x":[0.333],"y":[0]},"n":["0p667_1_0p333_0"],"t":124,"s":[0],"e":[100]},{"t":137.000005580124}],"ix":11},"r":{"a":0,"k":0,"ix":10},"p":{"a":0,"k":[-3,45,0],"ix":2},"a":{"a":0,"k":[0,0,0],"ix":1},"s":{"a":0,"k":[159.408,165.121,100],"ix":6}},"ao":0,"shapes":[{"ty":"gr","it":[{"ty":"rc","d":1,"s":{"a":0,"k":[32,32],"ix":2},"p":{"a":0,"k":[0,0],"ix":3},"r":{"a":0,"k":7,"ix":4},"nm":"Rectangle Path 1","mn":"ADBE Vector Shape - Rect","hd":false},{"ty":"st","c":{"a":0,"k":[0,0.627207994461,1,1],"ix":3},"o":{"a":0,"k":100,"ix":4},"w":{"a":0,"k":5,"ix":5},"lc":1,"lj":1,"ml":4,"nm":"Stroke 1","mn":"ADBE Vector Graphic - Stroke","hd":false},{"ty":"tr","p":{"a":0,"k":[0,0],"ix":2},"a":{"a":0,"k":[0,0],"ix":1},"s":{"a":0,"k":[100,100],"ix":3},"r":{"a":0,"k":0,"ix":6},"o":{"a":0,"k":100,"ix":7},"sk":{"a":0,"k":0,"ix":4},"sa":{"a":0,"k":0,"ix":5},"nm":"Transform"}],"nm":"Rectangle","np":2,"cix":2,"ix":1,"mn":"ADBE Vector Group","hd":false}],"ip":0,"op":180.00000733155,"st":0,"bm":0},{"ddd":0,"ind":8,"ty":5,"nm":"Task","parent":1,"sr":1,"ks":{"o":{"a":0,"k":100,"ix":11},"r":{"a":0,"k":0,"ix":10},"p":{"a":0,"k":[108.617,44.695,0],"ix":2},"a":{"a":0,"k":[-14.383,-8.305,0],"ix":1},"s":{"a":0,"k":[165.658,171.371,100],"ix":6}},"ao":0,"t":{"d":{"k":[{"s":{"sz":[119.699996948242,51.7000007629395],"ps":[-57,-23.5],"s":40,"f":"Roboto-Regular","t":"Task","j":0,"tr":0,"lh":48,"ls":0,"fc":[0,0,0]},"t":0}]},"p":{},"m":{"g":1,"a":{"a":0,"k":[0,0],"ix":2}},"a":[{"s":{"t":0,"xe":{"a":0,"k":0,"ix":7},"ne":{"a":0,"k":0,"ix":8},"a":{"a":0,"k":100,"ix":4},"b":1,"rn":0,"sh":1,"r":1},"a":{}},{"s":{"t":0,"xe":{"a":0,"k":0,"ix":7},"ne":{"a":0,"k":0,"ix":8},"a":{"a":0,"k":100,"ix":4},"b":1,"rn":0,"sh":1,"r":1},"a":{"fc":{"a":1,"k":[{"i":{"x":[0.833],"y":[0.833]},"o":{"x":[0.167],"y":[0.167]},"n":["0p833_0p833_0p167_0p167"],"t":38,"s":[0,0,0,1],"e":[0,0.945098042488,0.733333349228,1]},{"i":{"x":[0.833],"y":[0.833]},"o":{"x":[0.167],"y":[0.167]},"n":["0p833_0p833_0p167_0p167"],"t":42,"s":[0,0.945098042488,0.733333349228,1],"e":[0,0.945098042488,0.733333349228,1]},{"i":{"x":[0.833],"y":[0.833]},"o":{"x":[0.167],"y":[0.167]},"n":["0p833_0p833_0p167_0p167"],"t":114,"s":[0,0.945098042488,0.733333349228,1],"e":[0,0,0,1]},{"t":121.000004928431}],"ix":12}}}]},"ip":0,"op":180.00000733155,"st":0,"bm":0}],"markers":[],"chars":[{"ch":"T","size":40,"style":"Regular","w":60.45,"data":{"shapes":[{"ty":"gr","it":[{"ind":0,"ty":"sh","ix":1,"ks":{"a":0,"k":{"i":[[0,0],[0,0],[0,0],[0,0],[0,0],[0,0],[0,0],[0,0]],"o":[[0,0],[0,0],[0,0],[0,0],[0,0],[0,0],[0,0],[0,0]],"v":[[57.373,-71.094],[2.393,-71.094],[2.393,-63.379],[25.195,-63.379],[25.195,0],[34.521,0],[34.521,-63.379],[57.373,-63.379]],"c":true},"ix":2},"nm":"T","mn":"ADBE Vector Shape - Group","hd":false}],"nm":"T","np":3,"cix":2,"ix":1,"mn":"ADBE Vector Group","hd":false}]},"fFamily":"Roboto"},{"ch":"a","size":40,"style":"Regular","w":54.39,"data":{"shapes":[{"ty":"gr","it":[{"ind":0,"ty":"sh","ix":1,"ks":{"a":0,"k":{"i":[[0,0],[0,0],[0.309,1.97],[0,1.791],[0,0],[0.977,2.214],[1.725,1.482],[2.425,0.732],[2.864,0],[2.588,-0.928],[1.823,-1.481],[0.993,-1.855],[0,-1.888],[0,0],[-0.554,1.009],[-0.993,0.765],[-1.4,0.456],[-1.693,0],[-1.888,-1.871],[0,-3.157],[0,0],[0,0],[2.93,-0.748],[2.067,-1.465],[1.106,-2.164],[0,-2.832],[-0.847,-1.904],[-1.546,-1.399],[-2.197,-0.813],[-2.702,0],[-1.465,0.342],[-1.254,0.603],[-1.058,0.798],[-0.847,0.879],[-0.195,-0.993],[-0.326,-0.651]],"o":[[0,0],[-0.619,-1.432],[-0.31,-1.969],[0,0],[0,-2.962],[-0.977,-2.213],[-1.726,-1.481],[-2.425,-0.732],[-3.191,0],[-2.588,0.928],[-1.823,1.482],[-0.993,1.855],[0,0],[0,-1.106],[0.553,-1.009],[0.993,-0.764],[1.399,-0.455],[3.678,0],[1.888,1.872],[0,0],[0,0],[-3.613,0],[-2.93,0.749],[-2.068,1.465],[-1.107,2.165],[0,2.181],[0.846,1.904],[1.546,1.4],[2.197,0.813],[1.627,0],[1.465,-0.342],[1.253,-0.602],[1.057,-0.797],[0.13,1.074],[0.195,0.993],[0,0]],"v":[[48.926,0],[48.926,-0.781],[47.534,-5.884],[47.07,-11.523],[47.07,-36.084],[45.605,-43.848],[41.553,-49.39],[35.327,-52.71],[27.393,-53.809],[18.726,-52.417],[12.109,-48.804],[7.886,-43.799],[6.396,-38.184],[15.479,-38.184],[16.309,-41.357],[18.628,-44.019],[22.217,-45.85],[26.855,-46.533],[35.205,-43.726],[38.037,-36.182],[38.037,-32.031],[29.053,-32.031],[19.238,-30.908],[11.743,-27.588],[6.982,-22.144],[5.322,-14.648],[6.592,-8.521],[10.181,-3.564],[15.796,-0.244],[23.145,0.977],[27.783,0.464],[31.86,-0.952],[35.327,-3.052],[38.184,-5.566],[38.672,-2.466],[39.453,0]],"c":true},"ix":2},"nm":"a","mn":"ADBE Vector Shape - Group","hd":false},{"ind":1,"ty":"sh","ix":2,"ks":{"a":0,"k":{"i":[[1.253,0.472],[0.862,0.798],[0.423,1.107],[0,1.27],[-2.8,1.611],[-5.176,0],[0,0],[0,0],[0.862,-0.944],[1.172,-0.732],[1.432,-0.455],[1.627,0]],"o":[[-1.254,-0.471],[-0.863,-0.797],[-0.423,-1.106],[0,-3.255],[2.799,-1.611],[0,0],[0,0],[-0.488,1.009],[-0.863,0.945],[-1.172,0.732],[-1.433,0.456],[-1.66,0]],"v":[[20.093,-7.593],[16.919,-9.497],[14.99,-12.354],[14.355,-15.918],[18.555,-23.218],[30.518,-25.635],[38.037,-25.635],[38.037,-14.795],[36.011,-11.865],[32.959,-9.351],[29.053,-7.568],[24.463,-6.885]],"c":true},"ix":2},"nm":"a","mn":"ADBE Vector Shape - Group","hd":false}],"nm":"a","np":5,"cix":2,"ix":1,"mn":"ADBE Vector Group","hd":false}]},"fFamily":"Roboto"},{"ch":"s","size":40,"style":"Regular","w":51.56,"data":{"shapes":[{"ty":"gr","it":[{"ind":0,"ty":"sh","ix":1,"ks":{"a":0,"k":{"i":[[0.488,-0.928],[0.96,-0.684],[1.399,-0.391],[1.855,0],[1.432,0.326],[1.204,0.781],[0.797,1.254],[0.098,1.855],[0,0],[-0.945,-2.067],[-1.823,-1.611],[-2.686,-0.977],[-3.516,0],[-2.507,0.764],[-1.791,1.367],[-0.961,1.921],[0,2.312],[0.764,1.628],[1.562,1.254],[2.376,0.945],[3.223,0.749],[1.579,0.537],[0.911,0.635],[0.325,0.781],[0,0.977],[-0.391,0.928],[-0.847,0.732],[-1.318,0.439],[-1.888,0],[-1.367,-0.537],[-0.945,-0.862],[-0.488,-1.09],[0,-1.074],[0,0],[0.911,2.002],[1.741,1.498],[2.49,0.863],[3.157,0],[2.409,-0.83],[1.692,-1.416],[0.928,-1.871],[0,-2.083],[-0.879,-1.627],[-1.644,-1.188],[-2.344,-0.846],[-2.93,-0.618],[-1.595,-0.651],[-0.863,-0.764],[-0.293,-0.862],[0,-0.977]],"o":[[-0.488,0.928],[-0.961,0.684],[-1.4,0.391],[-1.433,0],[-1.433,-0.325],[-1.205,-0.781],[-0.798,-1.253],[0,0],[0,2.181],[0.944,2.068],[1.823,1.611],[2.686,0.977],[3.059,0],[2.506,-0.764],[1.79,-1.367],[0.96,-1.92],[0,-2.148],[-0.765,-1.627],[-1.562,-1.253],[-2.377,-0.944],[-2.507,-0.553],[-1.579,-0.537],[-0.912,-0.635],[-0.326,-0.781],[0,-0.977],[0.391,-0.928],[0.846,-0.732],[1.318,-0.439],[1.79,0],[1.367,0.537],[0.944,0.863],[0.488,1.091],[0,0],[0,-2.278],[-0.912,-2.002],[-1.742,-1.497],[-2.49,-0.862],[-2.962,0],[-2.409,0.83],[-1.693,1.416],[-0.928,1.872],[0,2.181],[0.879,1.628],[1.643,1.189],[2.344,0.847],[2.604,0.554],[1.595,0.652],[0.862,0.765],[0.293,0.863],[0,1.074]],"v":[[36.865,-11.011],[34.692,-8.594],[31.152,-6.982],[26.27,-6.396],[21.973,-6.885],[18.018,-8.545],[15.015,-11.597],[13.672,-16.26],[4.639,-16.26],[6.055,-9.888],[10.205,-4.37],[16.968,-0.488],[26.27,0.977],[34.619,-0.171],[41.064,-3.369],[45.19,-8.301],[46.631,-14.648],[45.483,-20.312],[41.992,-24.634],[36.084,-27.93],[27.686,-30.469],[21.558,-32.104],[17.822,-33.862],[15.967,-35.986],[15.479,-38.623],[16.064,-41.479],[17.92,-43.97],[21.167,-45.728],[25.977,-46.387],[30.713,-45.581],[34.18,-43.481],[36.328,-40.552],[37.061,-37.305],[46.143,-37.305],[44.775,-43.726],[40.796,-48.975],[34.448,-52.515],[25.977,-53.809],[17.92,-52.563],[11.768,-49.194],[7.837,-44.263],[6.445,-38.33],[7.764,-32.617],[11.548,-28.394],[17.529,-25.342],[25.439,-23.145],[31.738,-21.338],[35.425,-19.214],[37.158,-16.772],[37.598,-14.014]],"c":true},"ix":2},"nm":"s","mn":"ADBE Vector Shape - Group","hd":false}],"nm":"s","np":3,"cix":2,"ix":1,"mn":"ADBE Vector Group","hd":false}]},"fFamily":"Roboto"},{"ch":"k","size":40,"style":"Regular","w":50.68,"data":{"shapes":[{"ty":"gr","it":[{"ind":0,"ty":"sh","ix":1,"ks":{"a":0,"k":{"i":[[0,0],[0,0],[0,0],[0,0],[0,0],[0,0],[0,0],[0,0],[0,0],[0,0],[0,0],[0,0],[0,0]],"o":[[0,0],[0,0],[0,0],[0,0],[0,0],[0,0],[0,0],[0,0],[0,0],[0,0],[0,0],[0,0],[0,0]],"v":[[39.99,0],[50.586,0],[27.637,-30.762],[48.193,-52.832],[37.207,-52.832],[20.752,-35.449],[15.918,-29.639],[15.918,-75],[6.885,-75],[6.885,0],[15.918,0],[15.918,-18.555],[21.582,-24.463]],"c":true},"ix":2},"nm":"k","mn":"ADBE Vector Shape - Group","hd":false}],"nm":"k","np":3,"cix":2,"ix":1,"mn":"ADBE Vector Group","hd":false}]},"fFamily":"Roboto"}]}